{"cameraMode":{"drawMode":0,"name":"Shaded","section":"Shading Mode"},"sceneLighting":true,"audioPlay":false,"sceneViewState":{"showFog":true,"showMaterialUpdate":false,"showSkybox":true,"showFlares":true,"showImageEffects":true,"showParticleSystems":true},"in2DMode":false,"pivot":{"x":671.742431640625,"y":48.5859375,"z":406.1311340332031},"rotation":{"x":0.07886200398206711,"y":0.8754346966743469,"z":-0.15280717611312867,"w":0.45179566740989687},"size":19.005552291870118,"orthographic":false}