{"cameraMode":{"drawMode":0,"name":"Shaded","section":"Shading Mode"},"sceneLighting":false,"audioPlay":false,"sceneViewState":{"showFog":true,"showMaterialUpdate":false,"showSkybox":false,"showFlares":true,"showImageEffects":true,"showParticleSystems":true},"in2DMode":false,"pivot":{"x":1037.1319580078125,"y":345.7799987792969,"z":388.6650085449219},"rotation":{"x":-0.06763197481632233,"y":-0.06128125637769699,"z":0.004165612161159515,"w":-0.9958571195602417},"size":5.102343559265137,"orthographic":false}