{"cameraMode":{"drawMode":0,"name":"Shaded","section":"Shading Mode"},"sceneLighting":false,"audioPlay":false,"sceneViewState":{"showFog":true,"showMaterialUpdate":false,"showSkybox":false,"showFlares":true,"showImageEffects":true,"showParticleSystems":true},"in2DMode":false,"pivot":{"x":765.42919921875,"y":51.06125259399414,"z":368.81512451171877},"rotation":{"x":-0.32840636372566225,"y":0.03261880949139595,"z":-0.011345538310706616,"w":-0.9439475536346436},"size":20.26053810119629,"orthographic":false}