{"cameraMode":{"drawMode":0,"name":"Shaded","section":"Shading Mode"},"sceneLighting":true,"audioPlay":false,"sceneViewState":{"showFog":true,"showMaterialUpdate":false,"showSkybox":true,"showFlares":true,"showImageEffects":true,"showParticleSystems":true},"in2DMode":false,"pivot":{"x":496.234619140625,"y":41.92817306518555,"z":392.805908203125},"rotation":{"x":0.10678230971097946,"y":-0.7551152110099793,"z":0.1271561086177826,"w":0.6342964768409729},"size":49.537960052490237,"orthographic":false}